ts,variant,batch,phase,rows,updated,seconds,outcome
2026-10-03T08:09:02,production,1,update,50000,50000,4.27,ok
2026-10-03T08:09:06,production,2,update,50000,50000,4.31,ok
2026-10-03T08:09:11,production,3,update,50000,50000,4.4,ok
2026-10-03T08:09:15,production,4,update,50000,50000,4.25,ok
2026-10-03T08:09:20,production,5,update,50000,50000,4.34,ok
2026-10-03T08:09:24,production,6,update,50000,50000,4.36,ok
2026-10-03T08:09:29,production,7,update,50000,50000,4.36,ok
2026-10-03T08:09:34,production,8,update,50000,50000,4.5,ok
2026-10-03T08:09:38,production,9,update,50000,50000,4.29,ok
2026-10-03T08:09:43,production,10,update,50000,50000,4.59,ok
2026-10-03T08:09:48,production,11,update,50000,50000,4.67,ok
2026-10-03T08:09:53,production,12,update,50000,50000,4.75,ok
2026-10-03T08:09:58,production,13,update,50000,50000,4.72,ok
2026-10-03T08:10:03,production,14,update,50000,50000,4.63,ok
2026-10-03T08:10:07,production,15,update,50000,50000,4.68,ok
2026-10-03T08:10:12,production,16,update,50000,50000,4.61,ok
2026-10-03T08:10:17,production,17,update,50000,50000,4.62,ok
2026-10-03T08:10:22,production,18,update,50000,50000,4.72,ok
2026-10-03T08:10:27,production,19,update,50000,50000,4.45,ok
2026-10-03T08:10:32,production,20,update,50000,50000,4.77,ok
2026-10-03T08:10:37,production,21,update,50000,50000,4.79,ok
2026-10-03T08:10:42,production,22,update,50000,50000,4.88,ok
2026-10-03T08:10:47,production,23,update,50000,50000,4.7,ok
2026-10-03T08:10:51,production,24,update,50000,50000,4.47,ok
2026-10-03T08:10:56,production,25,update,50000,50000,4.75,ok
2026-10-03T08:11:01,production,26,update,50000,50000,4.57,ok
2026-10-03T08:11:06,production,27,update,50000,50000,4.9,ok
2026-10-03T08:11:11,production,28,update,50000,50000,4.44,ok
2026-10-03T08:11:16,production,29,update,50000,50000,4.61,ok
2026-10-03T08:11:20,production,30,update,50000,50000,4.62,ok
2026-10-03T08:11:25,production,31,update,50000,50000,4.41,ok
2026-10-03T08:11:30,production,32,update,50000,50000,4.74,ok
2026-10-03T08:11:35,production,33,update,50000,50000,4.63,ok
2026-10-03T08:11:39,production,34,update,50000,50000,4.47,ok
2026-10-03T08:11:45,production,35,update,50000,50000,4.87,ok
2026-10-03T08:11:49,production,36,update,50000,50000,4.51,ok
2026-10-03T08:11:54,production,37,update,50000,50000,4.71,ok
2026-10-03T08:11:59,production,38,update,50000,50000,4.53,ok
2026-10-03T08:12:04,production,39,update,50000,50000,4.67,ok
2026-10-03T08:12:09,production,40,update,50000,50000,4.81,ok
2026-10-03T08:12:14,production,41,update,50000,50000,4.73,ok
2026-10-03T08:12:19,production,42,update,50000,50000,4.58,ok
2026-10-03T08:12:23,production,43,update,50000,50000,4.52,ok
2026-10-03T08:12:28,production,44,update,50000,50000,4.7,ok
2026-10-03T08:12:33,production,45,update,50000,50000,4.52,ok
2026-10-03T08:12:38,production,46,update,50000,50000,4.46,ok
2026-10-03T08:12:43,production,47,update,50000,50000,4.93,ok
2026-10-03T08:12:48,production,48,update,50000,50000,4.75,ok
2026-10-03T08:12:53,production,49,update,50000,50000,4.79,ok
2026-10-03T08:12:57,production,50,update,50000,50000,4.46,ok
2026-10-03T08:13:02,production,51,update,50000,50000,4.61,ok
2026-10-03T08:13:07,production,52,update,50000,50000,4.98,ok
2026-10-03T08:13:12,production,53,update,50000,50000,4.75,ok
2026-10-03T08:13:17,production,54,update,50000,50000,4.8,ok
2026-10-03T08:13:22,production,55,update,49437,49437,4.63,ok
2026-10-03T08:13:22,production,56,update,0,0,0.09,ok
2026-10-03T08:13:24,production,57,newkey,50000,0,1.49,ok
2026-10-03T08:13:26,production,58,newkey,50000,0,1.65,ok
2026-10-03T08:13:27,production,59,newkey,50000,0,1.4,ok
2026-10-03T08:13:29,production,60,newkey,50000,0,1.63,ok
2026-10-03T08:13:31,production,61,newkey,50000,0,1.46,ok
2026-10-03T08:13:32,production,62,newkey,50000,0,1.62,ok
2026-10-03T08:13:34,production,63,newkey,50000,0,1.6,ok
2026-10-03T08:13:36,production,64,newkey,50000,0,1.56,ok
2026-10-03T08:13:38,production,65,newkey,50000,0,1.62,ok
2026-10-03T08:13:39,production,66,newkey,50000,0,1.38,ok
2026-10-03T08:13:41,production,67,newkey,50000,0,1.7,ok
2026-10-03T08:13:43,production,68,newkey,50000,0,1.71,ok
2026-10-03T08:13:44,production,69,newkey,50000,0,1.51,ok
2026-10-03T08:13:46,production,70,newkey,50000,0,1.65,ok
2026-10-03T08:22:28,prodseq_production,1,stock_daily_valuation/upd,50000,50000,4.73,ok
2026-10-03T08:22:33,prodseq_production,2,stock_daily_valuation/upd,50000,50000,5.03,ok
2026-10-03T08:22:38,prodseq_production,3,stock_daily_valuation/upd,50000,50000,5.16,ok
2026-10-03T08:22:44,prodseq_production,4,stock_daily_valuation/upd,50000,50000,5.23,ok
2026-10-03T08:22:50,prodseq_production,5,stock_daily_valuation/upd,50000,50000,5.67,ok
2026-10-03T08:22:55,prodseq_production,6,stock_daily_valuation/upd,50000,50000,5.62,ok
2026-10-03T08:23:01,prodseq_production,7,stock_daily_valuation/upd,50000,50000,5.65,ok
2026-10-03T08:23:08,prodseq_production,8,stock_daily_valuation/upd,50000,50000,6.3,ok
2026-10-03T08:23:14,prodseq_production,9,stock_daily_valuation/upd,50000,50000,5.91,ok
2026-10-03T08:23:21,prodseq_production,10,stock_daily_valuation/upd,50000,50000,6.52,ok
2026-10-03T08:23:27,prodseq_production,11,stock_daily_valuation/upd,50000,50000,6.17,ok
2026-10-03T08:23:34,prodseq_production,12,stock_daily_valuation/upd,50000,50000,6.42,ok
2026-10-03T08:23:40,prodseq_production,13,stock_daily_valuation/upd,50000,50000,6.36,ok
2026-10-03T08:23:47,prodseq_production,14,stock_daily_valuation/upd,50000,50000,6.83,ok
2026-10-03T08:23:54,prodseq_production,15,stock_daily_valuation/upd,50000,50000,6.38,ok
2026-10-03T08:23:59,prodseq_production,16,stock_daily_valuation/upd,50000,50000,5.1,ok
2026-10-03T08:24:06,prodseq_production,17,stock_daily_valuation/upd,50000,50000,6.59,ok
2026-10-03T08:24:13,prodseq_production,18,stock_daily_valuation/upd,50000,50000,6.66,ok
2026-10-03T08:24:20,prodseq_production,19,stock_daily_valuation/upd,50000,50000,6.81,ok
2026-10-03T08:24:27,prodseq_production,20,stock_daily_valuation/upd,50000,50000,6.74,ok
2026-10-03T08:24:34,prodseq_production,21,stock_daily_valuation/upd,50000,50000,6.85,ok
2026-10-03T08:24:41,prodseq_production,22,stock_daily_valuation/upd,50000,50000,7.07,ok
2026-10-03T08:24:48,prodseq_production,23,stock_daily_valuation/upd,50000,50000,6.72,ok
2026-10-03T08:24:55,prodseq_production,24,stock_daily_valuation/upd,50000,50000,6.69,ok
2026-10-03T08:25:02,prodseq_production,25,stock_daily_valuation/upd,50000,50000,6.64,ok
2026-10-03T08:25:09,prodseq_production,26,stock_daily_valuation/upd,50000,50000,6.77,ok
2026-10-03T08:25:16,prodseq_production,27,stock_daily_valuation/upd,50000,50000,6.82,ok
2026-10-03T08:25:23,prodseq_production,28,stock_daily_valuation/upd,50000,50000,6.79,ok
2026-10-03T08:25:30,prodseq_production,29,stock_daily_valuation/upd,50000,50000,7.04,ok
2026-10-03T08:25:37,prodseq_production,30,stock_daily_valuation/upd,50000,50000,6.76,ok
2026-10-03T08:25:44,prodseq_production,31,stock_daily_valuation/upd,50000,50000,7.07,ok
2026-10-03T08:25:51,prodseq_production,32,stock_daily_valuation/upd,50000,50000,6.57,ok
2026-10-03T08:25:58,prodseq_production,33,stock_daily_valuation/upd,50000,50000,6.76,ok
2026-10-03T08:26:05,prodseq_production,34,stock_daily_valuation/upd,50000,50000,6.7,ok
2026-10-03T08:26:11,prodseq_production,35,stock_daily_valuation/upd,50000,50000,6.21,ok
2026-10-03T08:26:18,prodseq_production,36,stock_daily_valuation/upd,50000,50000,6.62,ok
2026-10-03T08:26:25,prodseq_production,37,stock_daily_valuation/upd,50000,50000,6.89,ok
2026-10-03T08:26:32,prodseq_production,38,stock_daily_valuation/upd,50000,50000,6.46,ok
2026-10-03T08:26:39,prodseq_production,39,stock_daily_valuation/upd,50000,50000,6.81,ok
2026-10-03T08:26:45,prodseq_production,40,stock_daily_valuation/upd,50000,50000,6.45,ok
2026-10-03T08:26:52,prodseq_production,41,stock_daily_valuation/upd,50000,50000,6.62,ok
2026-10-03T08:26:59,prodseq_production,42,stock_daily_valuation/upd,50000,50000,6.24,ok
2026-10-03T08:27:05,prodseq_production,43,stock_daily_valuation/upd,50000,50000,6.36,ok
2026-10-03T08:27:12,prodseq_production,44,stock_daily_valuation/upd,50000,50000,6.33,ok
2026-10-03T08:27:19,prodseq_production,45,stock_daily_valuation/upd,50000,50000,6.96,ok
2026-10-03T08:27:26,prodseq_production,46,stock_daily_valuation/upd,50000,50000,6.83,ok
2026-10-03T08:27:33,prodseq_production,47,stock_daily_valuation/upd,50000,50000,7.05,ok
2026-10-03T08:27:40,prodseq_production,48,stock_daily_valuation/upd,50000,50000,6.21,ok
2026-10-03T08:27:46,prodseq_production,49,stock_daily_valuation/upd,50000,50000,6.46,ok
2026-10-03T08:27:53,prodseq_production,50,stock_daily_valuation/upd,50000,50000,7.01,ok
2026-10-03T08:28:01,prodseq_production,51,stock_daily_valuation/upd,50000,50000,7.24,ok
2026-10-03T08:28:07,prodseq_production,52,stock_daily_valuation/upd,50000,50000,6.57,ok
2026-10-03T08:28:15,prodseq_production,53,stock_daily_valuation/upd,50000,50000,7.24,ok
2026-10-03T08:28:22,prodseq_production,54,stock_daily_valuation/upd,50000,50000,6.98,ok
2026-10-03T08:28:29,prodseq_production,55,stock_daily_valuation/upd,50000,50000,6.75,ok
2026-10-03T08:28:36,prodseq_production,56,stock_daily_valuation/upd,50000,50000,7.19,ok
2026-10-03T08:28:43,prodseq_production,57,stock_daily_valuation/upd,50000,50000,6.6,ok
2026-10-03T08:28:51,prodseq_production,58,stock_daily_valuation/upd,50000,50000,7.12,ok
2026-10-03T08:28:58,prodseq_production,59,stock_daily_valuation/upd,50000,50000,6.69,ok
2026-10-03T08:29:04,prodseq_production,60,stock_daily_valuation/upd,50000,50000,6.7,ok
2026-10-03T08:29:11,prodseq_production,61,stock_daily_valuation/upd,50000,50000,6.63,ok
2026-10-03T08:29:18,prodseq_production,62,stock_daily_valuation/upd,50000,50000,6.83,ok
2026-10-03T08:29:25,prodseq_production,63,stock_daily_valuation/upd,50000,50000,6.8,ok
2026-10-03T08:29:32,prodseq_production,64,stock_daily_valuation/upd,50000,50000,6.66,ok
2026-10-03T08:29:39,prodseq_production,65,stock_daily_valuation/upd,50000,50000,6.49,ok
2026-10-03T08:29:45,prodseq_production,66,stock_daily_valuation/upd,50000,50000,6.47,ok
2026-10-03T08:29:52,prodseq_production,67,stock_daily_valuation/upd,50000,50000,6.28,ok
2026-10-03T08:29:58,prodseq_production,68,stock_daily_valuation/upd,50000,50000,6.22,ok
2026-10-03T08:30:05,prodseq_production,69,stock_daily_valuation/upd,50000,50000,6.3,ok
2026-10-03T08:30:11,prodseq_production,70,stock_daily_valuation/upd,50000,50000,6.66,ok
2026-10-03T08:30:18,prodseq_production,71,stock_daily_valuation/upd,50000,50000,6.43,ok
2026-10-03T08:30:25,prodseq_production,72,stock_daily_valuation/upd,50000,50000,6.53,ok
2026-10-03T08:30:31,prodseq_production,73,stock_daily_valuation/upd,50000,50000,6.5,ok
2026-10-03T08:30:38,prodseq_production,74,stock_daily_valuation/upd,50000,50000,6.18,ok
2026-10-03T08:30:44,prodseq_production,75,stock_daily_valuation/upd,50000,50000,5.88,ok
2026-10-03T08:30:49,prodseq_production,76,stock_daily_valuation/upd,50000,50000,5.14,ok
2026-10-03T08:30:55,prodseq_production,77,stock_daily_valuation/upd,50000,50000,5.33,ok
2026-10-03T08:31:00,prodseq_production,78,stock_daily_valuation/upd,50000,50000,5.3,ok
2026-10-03T08:31:05,prodseq_production,79,stock_daily_valuation/upd,50000,50000,4.98,ok
2026-10-03T08:31:11,prodseq_production,80,stock_daily_valuation/upd,50000,50000,5.18,ok
2026-10-03T08:31:15,prodseq_production,81,stock_daily_valuation/upd,50000,50000,4.69,ok
2026-10-03T08:31:20,prodseq_production,82,stock_daily_valuation/upd,50000,50000,4.5,ok
2026-10-03T08:31:25,prodseq_production,83,stock_daily_valuation/upd,50000,50000,4.88,ok
2026-10-03T08:31:30,prodseq_production,84,stock_daily_valuation/upd,50000,50000,4.44,ok
2026-10-03T08:31:34,prodseq_production,85,stock_daily_valuation/upd,50000,50000,4.1,ok
2026-10-03T08:31:38,prodseq_production,86,stock_daily_valuation/upd,50000,50000,4.18,ok
2026-10-03T08:31:43,prodseq_production,87,stock_daily_valuation/upd,50000,50000,4.15,ok
2026-10-03T08:31:47,prodseq_production,88,stock_daily_valuation/upd,50000,50000,3.74,ok
2026-10-03T08:31:53,prodseq_production,89,stock_daily_valuation/upd,50000,50000,6.27,ok
2026-10-03T08:31:59,prodseq_production,90,stock_daily_valuation/upd,50000,50000,6.17,ok
2026-10-03T08:32:06,prodseq_production,91,stock_daily_valuation/upd,50000,50000,6.21,ok
2026-10-03T08:32:12,prodseq_production,92,stock_daily_valuation/upd,50000,50000,6.19,ok
2026-10-03T08:32:18,prodseq_production,93,stock_daily_valuation/upd,50000,50000,6.0,ok
2026-10-03T08:32:25,prodseq_production,94,stock_daily_valuation/upd,50000,50000,6.53,ok
2026-10-03T08:32:31,prodseq_production,95,stock_daily_valuation/upd,50000,50000,5.79,ok
2026-10-03T08:32:37,prodseq_production,96,stock_daily_valuation/upd,50000,50000,6.14,ok
2026-10-03T08:32:43,prodseq_production,97,stock_daily_valuation/upd,50000,50000,6.01,ok
2026-10-03T08:32:50,prodseq_production,98,stock_daily_valuation/upd,50000,50000,6.32,ok
2026-10-03T08:32:56,prodseq_production,99,stock_daily_valuation/upd,50000,50000,6.27,ok
2026-10-03T08:33:03,prodseq_production,100,stock_daily_valuation/upd,50000,50000,6.26,ok
2026-10-03T08:33:09,prodseq_production,101,stock_daily_valuation/upd,50000,50000,6.01,ok
2026-10-03T08:33:15,prodseq_production,102,stock_daily_valuation/upd,50000,50000,5.9,ok
2026-10-03T08:33:21,prodseq_production,103,stock_daily_valuation/upd,50000,50000,5.82,ok
2026-10-03T08:33:27,prodseq_production,104,stock_daily_valuation/upd,50000,50000,6.19,ok
2026-10-03T08:33:34,prodseq_production,105,stock_daily_valuation/upd,50000,50000,6.21,ok
2026-10-03T08:33:40,prodseq_production,106,stock_daily_valuation/upd,50000,50000,5.99,ok
2026-10-03T08:33:46,prodseq_production,107,stock_daily_valuation/upd,50000,50000,6.01,ok
2026-10-03T08:33:52,prodseq_production,108,stock_daily_valuation/upd,50000,50000,5.95,ok
2026-10-03T08:33:59,prodseq_production,109,stock_daily_valuation/upd,50000,50000,6.05,ok
2026-10-03T08:34:05,prodseq_production,110,stock_daily_valuation/upd,50000,50000,6.07,ok
2026-10-03T08:34:11,prodseq_production,111,stock_daily_valuation/upd,50000,50000,5.91,ok
2026-10-03T08:34:17,prodseq_production,112,stock_daily_valuation/upd,50000,50000,6.02,ok
2026-10-03T08:34:23,prodseq_production,113,stock_daily_valuation/upd,50000,50000,6.27,ok
2026-10-03T08:34:29,prodseq_production,114,stock_daily_valuation/upd,50000,50000,5.82,ok
2026-10-03T08:34:36,prodseq_production,115,stock_daily_valuation/upd,50000,50000,6.1,ok
2026-10-03T08:34:42,prodseq_production,116,stock_daily_valuation/upd,50000,50000,5.94,ok
2026-10-03T08:34:48,prodseq_production,117,stock_daily_valuation/upd,50000,50000,5.84,ok
2026-10-03T08:34:54,prodseq_production,118,stock_daily_valuation/upd,50000,50000,6.19,ok
2026-10-03T08:35:00,prodseq_production,119,stock_daily_valuation/upd,50000,50000,6.02,ok
2026-10-03T08:35:06,prodseq_production,120,stock_daily_valuation/upd,50000,50000,5.93,ok
2026-10-03T08:35:13,prodseq_production,121,stock_daily_valuation/upd,50000,50000,6.33,ok
2026-10-03T08:35:19,prodseq_production,122,stock_daily_valuation/upd,50000,50000,6.11,ok
2026-10-03T08:35:25,prodseq_production,123,stock_daily_valuation/upd,50000,50000,6.18,ok
2026-10-03T08:35:32,prodseq_production,124,stock_daily_valuation/upd,50000,50000,5.87,ok
2026-10-03T08:35:38,prodseq_production,125,stock_daily_valuation/upd,50000,50000,5.98,ok
2026-10-03T08:35:44,prodseq_production,126,stock_daily_valuation/upd,50000,50000,6.23,ok
2026-10-03T08:35:50,prodseq_production,127,stock_daily_valuation/upd,50000,50000,6.1,ok
2026-10-03T08:35:57,prodseq_production,128,stock_daily_valuation/upd,50000,50000,6.2,ok
2026-10-03T08:36:03,prodseq_production,129,stock_daily_valuation/upd,50000,50000,5.93,ok
2026-10-03T08:36:09,prodseq_production,130,stock_daily_valuation/upd,50000,50000,6.32,ok
2026-10-03T08:36:15,prodseq_production,131,stock_daily_valuation/upd,50000,50000,5.9,ok
2026-10-03T08:36:21,prodseq_production,132,stock_daily_valuation/upd,50000,50000,5.65,ok
2026-10-03T08:36:27,prodseq_production,133,stock_daily_valuation/upd,50000,50000,5.8,ok
2026-10-03T08:36:34,prodseq_production,134,stock_daily_valuation/upd,50000,50000,6.28,ok
2026-10-03T08:36:40,prodseq_production,135,stock_daily_valuation/upd,50000,50000,5.9,ok
2026-10-03T08:36:46,prodseq_production,136,stock_daily_valuation/upd,50000,50000,6.12,ok
2026-10-03T08:36:52,prodseq_production,137,stock_daily_valuation/upd,50000,50000,5.77,ok
2026-10-03T08:36:58,prodseq_production,138,stock_daily_valuation/upd,50000,50000,5.83,ok
2026-10-03T08:37:03,prodseq_production,139,stock_daily_valuation/upd,50000,50000,5.35,ok
2026-10-03T08:37:09,prodseq_production,140,stock_daily_valuation/upd,50000,50000,5.55,ok
2026-10-03T08:37:14,prodseq_production,141,stock_daily_valuation/upd,50000,50000,5.13,ok
2026-10-03T08:37:20,prodseq_production,142,stock_daily_valuation/upd,50000,50000,5.03,ok
2026-10-03T08:37:25,prodseq_production,143,stock_daily_valuation/upd,50000,50000,5.77,ok
2026-10-03T08:37:32,prodseq_production,144,stock_daily_valuation/upd,50000,50000,5.89,ok
2026-10-03T08:37:37,prodseq_production,145,stock_daily_valuation/upd,50000,50000,5.67,ok
2026-10-03T08:37:43,prodseq_production,146,stock_daily_valuation/upd,50000,50000,5.71,ok
2026-10-03T08:37:49,prodseq_production,147,stock_daily_valuation/upd,50000,50000,5.6,ok
2026-10-03T08:37:55,prodseq_production,148,stock_daily_valuation/upd,50000,50000,5.82,ok
2026-10-03T08:38:01,prodseq_production,149,stock_daily_valuation/upd,50000,50000,5.53,ok
2026-10-03T08:38:07,prodseq_production,150,stock_daily_valuation/upd,50000,50000,5.72,ok
2026-10-03T08:38:12,prodseq_production,151,stock_daily_valuation/upd,50000,50000,5.75,ok
2026-10-03T08:38:18,prodseq_production,152,stock_daily_valuation/upd,50000,50000,5.85,ok
2026-10-03T08:38:24,prodseq_production,153,stock_daily_valuation/upd,50000,50000,5.04,ok
2026-10-03T08:38:29,prodseq_production,154,stock_daily_valuation/upd,50000,50000,4.84,ok
2026-10-03T08:38:34,prodseq_production,155,stock_daily_valuation/upd,50000,50000,5.25,ok
2026-10-03T08:38:39,prodseq_production,156,stock_daily_valuation/upd,50000,50000,4.79,ok
2026-10-03T08:38:44,prodseq_production,157,stock_daily_valuation/upd,50000,50000,4.97,ok
2026-10-03T08:38:49,prodseq_production,158,stock_daily_valuation/upd,50000,50000,4.94,ok
2026-10-03T08:38:54,prodseq_production,159,stock_daily_valuation/upd,50000,50000,4.33,ok
2026-10-03T08:38:58,prodseq_production,160,stock_daily_valuation/upd,50000,50000,4.21,ok
2026-10-03T08:39:03,prodseq_production,161,stock_daily_valuation/upd,50000,50000,4.37,ok
2026-10-03T08:39:07,prodseq_production,162,stock_daily_valuation/upd,50000,50000,4.41,ok
2026-10-03T08:39:10,prodseq_production,163,stock_daily_valuation/upd,25540,25540,3.13,ok
2026-10-03T08:39:11,prodseq_production,164,stock_daily_valuation/upd,0,0,0.15,ok
2026-10-03T08:39:11,prodseq_production,165,stock_daily_valuation/upd,0,0,0.1,ok
2026-10-03T08:39:11,prodseq_production,166,stock_daily_valuation/upd,0,0,0.09,ok
2026-10-03T08:39:17,prodseq_production,167,stock_daily/upd,50000,50000,6.03,ok
2026-10-03T08:39:24,prodseq_production,168,stock_daily/upd,50000,50000,6.2,ok
2026-10-03T08:39:31,prodseq_production,169,stock_daily/upd,50000,50000,6.34,ok
2026-10-03T08:39:37,prodseq_production,170,stock_daily/upd,50000,50000,6.18,ok
2026-10-03T08:39:43,prodseq_production,171,stock_daily/upd,50000,50000,5.98,ok
2026-10-03T08:39:50,prodseq_production,172,stock_daily/upd,50000,50000,6.19,ok
2026-10-03T08:39:56,prodseq_production,173,stock_daily/upd,50000,50000,6.13,ok
2026-10-03T08:40:03,prodseq_production,174,stock_daily/upd,50000,50000,6.05,ok
2026-10-03T08:40:09,prodseq_production,175,stock_daily/upd,50000,50000,5.9,ok
2026-10-03T08:40:15,prodseq_production,176,stock_daily/upd,50000,50000,5.83,ok
2026-10-03T08:40:21,prodseq_production,177,stock_daily/upd,50000,50000,6.09,ok
2026-10-03T08:40:28,prodseq_production,178,stock_daily/upd,50000,50000,6.24,ok
2026-10-03T08:40:34,prodseq_production,179,stock_daily/upd,50000,50000,5.89,ok
2026-10-03T08:40:40,prodseq_production,180,stock_daily/upd,50000,50000,6.17,ok
2026-10-03T08:40:47,prodseq_production,181,stock_daily/upd,50000,50000,6.31,ok
2026-10-03T08:40:53,prodseq_production,182,stock_daily/upd,50000,50000,5.96,ok
2026-10-03T08:40:59,prodseq_production,183,stock_daily/upd,50000,50000,6.11,ok
2026-10-03T08:41:06,prodseq_production,184,stock_daily/upd,50000,50000,6.04,ok
2026-10-03T08:41:12,prodseq_production,185,stock_daily/upd,50000,50000,5.99,ok
2026-10-03T08:41:18,prodseq_production,186,stock_daily/upd,50000,50000,6.18,ok
2026-10-03T08:41:24,prodseq_production,187,stock_daily/upd,50000,50000,5.87,ok
2026-10-03T08:41:31,prodseq_production,188,stock_daily/upd,50000,50000,5.96,ok
2026-10-03T08:41:37,prodseq_production,189,stock_daily/upd,50000,50000,5.9,ok
2026-10-03T08:41:43,prodseq_production,190,stock_daily/upd,50000,50000,6.16,ok
2026-10-03T08:41:50,prodseq_production,191,stock_daily/upd,50000,50000,6.0,ok
2026-10-03T08:41:56,prodseq_production,192,stock_daily/upd,50000,50000,5.94,ok
2026-10-03T08:42:02,prodseq_production,193,stock_daily/upd,50000,50000,5.96,ok
2026-10-03T08:42:08,prodseq_production,194,stock_daily/upd,50000,50000,5.9,ok
2026-10-03T08:42:14,prodseq_production,195,stock_daily/upd,50000,50000,5.89,ok
2026-10-03T08:42:20,prodseq_production,196,stock_daily/upd,50000,50000,5.88,ok
2026-10-03T08:42:27,prodseq_production,197,stock_daily/upd,50000,50000,6.15,ok
2026-10-03T08:42:33,prodseq_production,198,stock_daily/upd,50000,50000,6.18,ok
2026-10-03T08:42:40,prodseq_production,199,stock_daily/upd,50000,50000,5.96,ok
2026-10-03T08:42:46,prodseq_production,200,stock_daily/upd,50000,50000,5.81,ok
2026-10-03T08:42:52,prodseq_production,201,stock_daily/upd,50000,50000,6.28,ok
2026-10-03T08:42:58,prodseq_production,202,stock_daily/upd,50000,50000,5.95,ok
2026-10-03T08:43:05,prodseq_production,203,stock_daily/upd,50000,50000,5.92,ok
2026-10-03T08:43:11,prodseq_production,204,stock_daily/upd,50000,50000,5.73,ok
2026-10-03T08:43:17,prodseq_production,205,stock_daily/upd,50000,50000,6.03,ok
2026-10-03T08:43:23,prodseq_production,206,stock_daily/upd,50000,50000,6.15,ok
2026-10-03T08:43:29,prodseq_production,207,stock_daily/upd,50000,50000,5.85,ok
2026-10-03T08:43:36,prodseq_production,208,stock_daily/upd,50000,50000,6.15,ok
2026-10-03T08:43:42,prodseq_production,209,stock_daily/upd,50000,50000,5.75,ok
2026-10-03T08:43:48,prodseq_production,210,stock_daily/upd,50000,50000,5.9,ok
2026-10-03T08:43:54,prodseq_production,211,stock_daily/upd,50000,50000,6.0,ok
2026-10-03T08:44:00,prodseq_production,212,stock_daily/upd,50000,50000,5.89,ok
2026-10-03T08:44:07,prodseq_production,213,stock_daily/upd,50000,50000,5.93,ok
2026-10-03T08:44:13,prodseq_production,214,stock_daily/upd,50000,50000,5.82,ok
2026-10-03T08:44:19,prodseq_production,215,stock_daily/upd,50000,50000,5.84,ok
2026-10-03T08:44:25,prodseq_production,216,stock_daily/upd,50000,50000,6.09,ok
2026-10-03T08:44:31,prodseq_production,217,stock_daily/upd,50000,50000,5.9,ok
2026-10-03T08:44:38,prodseq_production,218,stock_daily/upd,50000,50000,6.13,ok
2026-10-03T08:44:44,prodseq_production,219,stock_daily/upd,50000,50000,5.93,ok
2026-10-03T08:44:50,prodseq_production,220,stock_daily/upd,50000,50000,5.88,ok
2026-10-03T08:44:56,prodseq_production,221,stock_daily/upd,49437,49437,5.74,ok
2026-10-03T08:44:56,prodseq_production,222,stock_daily/upd,0,0,0.11,ok
2026-10-03T08:44:58,prodseq_production,223,stock_daily/new,50000,0,1.7,ok
2026-10-03T08:45:00,prodseq_production,224,stock_daily/new,50000,0,1.75,ok
2026-10-03T08:45:02,prodseq_production,225,stock_daily/new,50000,0,1.6,ok
2026-10-03T08:45:04,prodseq_production,226,stock_daily/new,50000,0,1.69,ok
2026-10-03T08:45:05,prodseq_production,227,stock_daily/new,50000,0,1.52,ok
2026-10-03T08:45:07,prodseq_production,228,stock_daily/new,50000,0,1.75,ok
2026-10-03T08:45:09,prodseq_production,229,stock_daily/new,50000,0,1.77,ok
2026-10-03T08:45:11,prodseq_production,230,stock_daily/new,50000,0,1.61,ok
2026-10-03T08:45:13,prodseq_production,231,stock_daily/new,50000,0,1.8,ok
2026-10-03T08:45:15,prodseq_production,232,stock_daily/new,50000,0,1.42,ok
2026-10-03T08:45:16,prodseq_production,233,stock_daily/new,50000,0,1.72,ok
2026-10-03T08:45:18,prodseq_production,234,stock_daily/new,50000,0,1.71,ok
2026-10-03T08:45:20,prodseq_production,235,stock_daily/new,50000,0,1.58,ok
2026-10-03T08:45:22,prodseq_production,236,stock_daily/new,50000,0,1.81,ok
