ts,phase,variant,batch_idx,rows,seconds,outcome,table_rows,db_bytes,note
2026-10-02T21:48:01,load,plain_insert,1,201146,0.76,ok,201146,55586816,"days[0,41)"
2026-10-02T21:48:06,replay,on_conflict,1,49060,4.716,ok,201146,95694848,upd=49060
2026-10-02T21:48:11,replay,on_conflict,2,49060,4.897,ok,201146,83636224,upd=49060
2026-10-02T21:48:16,replay,on_conflict,3,49060,5.171,ok,201146,114569216,upd=49060
2026-10-02T21:48:35,load,plain_insert,1,981200,3.377,ok,981200,255602688,"days[0,200)"
2026-10-02T21:48:39,load,plain_insert,2,981200,3.476,ok,1962400,535572480,"days[200,400)"
2026-10-02T21:48:43,load,plain_insert,3,789866,3.267,ok,2752266,761540608,"days[400,561)"
2026-10-02T21:48:59,replay,on_conflict,1,49060,4.835,ok,2752266,802697216,upd=49060
2026-10-02T21:49:05,replay,on_conflict,2,49060,5.7,ok,2752266,823406592,upd=49060
2026-10-02T21:49:10,replay,on_conflict,3,49060,5.123,ok,2752266,795881472,upd=49060
2026-10-02T21:49:16,replay,on_conflict,4,49060,5.569,ok,2752266,843853824,upd=49060
2026-10-02T21:49:21,replay,on_conflict,5,49060,5.05,ok,2752266,795881472,upd=49060
2026-10-02T21:49:26,replay,on_conflict,6,49060,5.094,ok,2752266,866922496,upd=49060
2026-10-02T21:49:31,replay,on_conflict,7,49060,5.238,ok,2752266,882913280,upd=49060
2026-10-02T21:49:36,replay,on_conflict,8,49060,4.846,ok,2752266,859058176,upd=49060
2026-10-02T21:49:41,replay,on_conflict,9,49060,4.891,ok,2752266,902311936,upd=49060
2026-10-02T21:49:47,replay,on_conflict,10,49060,5.604,ok,2752266,854863872,upd=49060
2026-10-02T21:49:52,replay,on_conflict,11,49060,4.707,ok,2752266,921972736,upd=49060
2026-10-02T21:49:56,replay,on_conflict,12,49060,4.782,ok,2752266,942419968,upd=49060
2026-10-02T21:50:02,replay,on_conflict,13,49060,5.451,ok,2752266,914108416,upd=49060
2026-10-02T21:50:07,replay,on_conflict,14,49060,5.525,ok,2752266,961294336,upd=49060
2026-10-02T21:50:12,replay,on_conflict,15,49060,4.627,ok,2752266,909914112,upd=49060
2026-10-02T21:50:18,replay,on_conflict,16,49060,5.443,ok,2752266,980955136,upd=49060
2026-10-02T21:50:23,replay,on_conflict,17,49060,5.621,ok,2752266,1001402368,upd=49060
2026-10-02T21:50:28,replay,on_conflict,18,49060,5.079,ok,2752266,973090816,upd=49060
2026-10-02T21:50:34,replay,on_conflict,19,49060,5.508,ok,2752266,1020801024,upd=49060
2026-10-02T21:50:40,replay,on_conflict,20,49060,5.603,ok,2752266,968372224,upd=49060
2026-10-02T21:50:45,replay,on_conflict,21,49060,5.196,ok,2752266,1063792640,upd=49060
2026-10-02T21:50:50,replay,on_conflict,22,49060,4.702,ok,2752266,1084764160,upd=49060
2026-10-02T21:50:55,replay,on_conflict,23,49060,5.647,ok,2752266,1055928320,upd=49060
2026-10-02T21:51:01,replay,on_conflict,24,49060,5.779,ok,2752266,1104162816,upd=49060
2026-10-02T21:51:07,replay,on_conflict,25,49060,5.55,ok,2752266,1050947584,upd=49060
2026-10-02T21:51:12,replay,on_conflict,26,49060,5.706,ok,2752266,1123299328,upd=49060
2026-10-02T21:51:18,replay,on_conflict,27,49060,5.673,ok,2752266,1144270848,upd=49060
2026-10-02T21:51:23,replay,on_conflict,28,49060,4.968,ok,2752266,1115435008,upd=49060
2026-10-02T21:51:29,replay,on_conflict,29,49060,5.795,ok,2752266,1163407360,upd=49060
2026-10-02T21:51:35,replay,on_conflict,30,49060,5.645,ok,2752266,1110192128,upd=49060
2026-10-02T21:51:40,replay,on_conflict,31,49060,5.861,ok,2752266,1182543872,upd=49060
2026-10-02T21:51:46,replay,on_conflict,32,49060,5.686,ok,2752266,1204039680,upd=49060
2026-10-02T21:51:51,replay,on_conflict,33,49060,4.839,ok,2752266,1174679552,upd=49060
2026-10-02T21:51:57,replay,on_conflict,34,49060,5.728,ok,2752266,1222914048,upd=49060
2026-10-02T21:52:02,replay,on_conflict,35,49060,4.663,ok,2752266,1169436672,upd=49060
2026-10-02T21:52:07,replay,on_conflict,36,49060,5.888,ok,2752266,1242050560,upd=49060
2026-10-02T21:52:13,replay,on_conflict,37,49060,5.743,ok,2752266,1264070656,upd=49060
2026-10-02T21:52:19,replay,on_conflict,38,49060,5.441,ok,2752266,1234186240,upd=49060
2026-10-02T21:52:24,replay,on_conflict,39,49060,5.595,ok,2752266,1282420736,upd=49060
2026-10-02T21:52:31,replay,on_conflict,40,49060,6.092,ok,2752266,1303392256,upd=49060
2026-10-02T21:52:37,replay,on_conflict,41,49060,6.244,ok,2752266,1275080704,upd=49060
2026-10-02T21:52:43,replay,on_conflict,42,49060,6.279,ok,2752266,1319383040,upd=49060
2026-10-02T21:52:49,replay,on_conflict,43,49060,5.936,ok,2752266,1303130112,upd=49060
2026-10-02T21:52:56,replay,on_conflict,44,49060,6.495,ok,2752266,1320431616,upd=49060
2026-10-02T21:53:01,replay,on_conflict,45,49060,5.398,ok,2752266,1340354560,upd=49060
2026-10-02T21:53:07,replay,on_conflict,46,49060,5.816,ok,2752266,1318072320,upd=49060
2026-10-02T21:53:13,replay,on_conflict,47,49060,5.796,ok,2752266,1361063936,upd=49060
2026-10-02T21:53:18,replay,on_conflict,48,49060,5.485,ok,2752266,1310208000,upd=49060
2026-10-02T21:53:24,replay,on_conflict,49,49060,5.673,ok,2752266,1379676160,upd=49060
2026-10-02T21:53:30,replay,on_conflict,50,49060,5.768,ok,2752266,1400647680,upd=49060
2026-10-02T21:53:36,replay,on_conflict,51,49060,5.674,ok,2752266,1377579008,upd=49060
2026-10-02T21:53:41,replay,on_conflict,52,49060,5.579,ok,2752266,1421357056,upd=49060
2026-10-02T21:53:47,replay,on_conflict,53,49060,5.617,ok,2752266,1369714688,upd=49060
2026-10-02T21:53:53,replay,on_conflict,54,49060,5.69,ok,2752266,1439707136,upd=49060
2026-10-02T21:53:58,replay,on_conflict,55,49060,5.818,ok,2752266,1460678656,upd=49060
2026-10-02T21:54:04,replay,on_conflict,56,49060,5.571,ok,2752266,1437609984,upd=49060
2026-10-02T21:54:05,replay,on_conflict,57,49060,1.322,ok,2796420,1482436608,upd=4906
2026-10-02T21:54:06,replay,on_conflict,58,49060,0.69,ok,2845480,1465397248,upd=0
2026-10-02T21:54:07,replay,on_conflict,59,49060,0.8,ok,2894540,1490038784,upd=0
2026-10-02T21:54:09,replay,on_conflict,60,49060,1.43,ok,2943600,1512321024,upd=0
2026-10-02T22:12:44,load,plain_insert,1,981200,6.013,ok,981200,255602688,"days[0,200)"
2026-10-02T22:13:14,replay,on_conflict,1,49060,8.284,ok,981200,462172160,upd=49060
2026-10-02T22:13:22,replay,on_conflict,2,49060,8.024,ok,981200,292564992,upd=49060
2026-10-02T22:13:31,replay,on_conflict,3,49060,8.359,ok,981200,359936000,upd=49060
2026-10-02T22:13:38,replay,on_conflict,4,49060,7.536,ok,981200,316157952,upd=49060
2026-10-02T22:13:46,replay,on_conflict,5,49060,7.476,ok,981200,385888256,upd=49060
2026-10-02T22:13:53,replay,on_conflict,6,49060,7.665,ok,981200,397684736,upd=49060
2026-10-02T22:14:01,replay,on_conflict,7,49060,7.451,ok,981200,384053248,upd=49060
2026-10-02T22:14:09,replay,on_conflict,8,49060,7.888,ok,981200,419704832,upd=49060
2026-10-02T22:14:16,replay,on_conflict,9,49060,7.36,ok,981200,376451072,upd=49060
2026-10-02T22:14:24,replay,on_conflict,10,49060,7.822,ok,981200,438317056,upd=49060
2026-10-02T22:14:32,replay,on_conflict,11,49060,7.395,ok,981200,458764288,upd=49060
2026-10-02T22:14:39,replay,on_conflict,12,49060,7.548,ok,981200,436219904,upd=49060
2026-10-02T22:14:47,replay,on_conflict,13,49060,7.39,ok,981200,480522240,upd=49060
2026-10-02T22:14:54,replay,on_conflict,14,49060,7.655,ok,981200,436744192,upd=49060
2026-10-02T22:15:02,replay,on_conflict,15,49060,7.995,ok,981200,498872320,upd=49060
2026-10-02T22:15:11,replay,on_conflict,16,49060,8.146,ok,981200,519319552,upd=49060
2026-10-02T22:15:19,replay,on_conflict,17,49060,8.247,ok,981200,494940160,upd=49060
2026-10-02T22:15:27,replay,on_conflict,18,49060,8.195,ok,981200,539242496,upd=49060
2026-10-02T22:15:35,replay,on_conflict,19,49060,7.681,ok,981200,495464448,upd=49060
2026-10-02T22:15:43,replay,on_conflict,20,49060,7.846,ok,981200,559165440,upd=49060
2026-10-02T22:15:44,replay,on_conflict,21,49060,0.891,ok,1030260,562311168,upd=0
2026-10-02T22:15:45,replay,on_conflict,22,49060,0.923,ok,1079320,560476160,upd=0
2026-10-02T22:15:46,replay,on_conflict,23,49060,0.981,ok,1128380,589574144,upd=0
2026-10-02T22:15:47,replay,on_conflict,24,49060,0.887,ok,1177440,585117696,upd=0
2026-10-02T22:15:48,replay,on_conflict,25,49060,0.885,ok,1226500,611069952,upd=0
2026-10-02T22:15:49,replay,on_conflict,26,49060,0.959,ok,1275560,635187200,upd=0
2026-10-02T22:15:50,replay,on_conflict,27,49060,0.862,ok,1324620,630730752,upd=0
2026-10-02T22:15:51,replay,on_conflict,28,49060,1.013,ok,1373680,659304448,upd=0
2026-10-02T22:15:52,replay,on_conflict,29,49060,0.828,ok,1422740,659304448,upd=0
2026-10-02T22:15:53,replay,on_conflict,30,49060,0.95,ok,1471800,684732416,upd=0
2026-10-02T22:15:54,replay,on_conflict,31,49060,1.019,ok,1520860,706752512,upd=0
2026-10-02T22:15:55,replay,on_conflict,32,49060,0.869,ok,1569920,706752512,upd=0
2026-10-02T22:15:56,replay,on_conflict,33,49060,1.017,ok,1618980,728772608,upd=0
2026-10-02T22:15:57,replay,on_conflict,34,49060,0.924,ok,1668040,724316160,upd=0
2026-10-02T22:15:58,replay,on_conflict,35,49060,0.983,ok,1717100,753414144,upd=0
2026-10-02T22:15:59,replay,on_conflict,36,49060,1.02,ok,1766160,774909952,upd=0
2026-10-02T22:16:00,replay,on_conflict,37,49060,0.957,ok,1815220,770715648,upd=0
2026-10-02T22:16:01,replay,on_conflict,38,49060,1.05,ok,1864280,797716480,upd=0
2026-10-02T22:16:02,replay,on_conflict,39,49060,0.886,ok,1913340,797716480,upd=0
2026-10-02T22:16:03,replay,on_conflict,40,49060,1.087,ok,1962400,819998720,upd=0
2026-10-02T22:16:04,replay,on_conflict,41,49060,1.014,ok,2011460,843329536,upd=0
2026-10-02T22:16:05,replay,on_conflict,42,49060,0.98,ok,2060520,838873088,upd=0
2026-10-02T22:16:06,replay,on_conflict,43,49060,0.984,ok,2109580,864038912,upd=0
2026-10-02T22:16:07,replay,on_conflict,44,49060,0.893,ok,2158640,859582464,upd=0
2026-10-02T22:16:08,replay,on_conflict,45,49060,1.031,ok,2207700,887107584,upd=0
2026-10-02T22:16:09,replay,on_conflict,46,49060,1.081,ok,2256760,906244096,upd=0
2026-10-02T22:16:10,replay,on_conflict,47,49060,1.003,ok,2305820,904409088,upd=0
2026-10-02T22:16:11,replay,on_conflict,48,49060,1.035,ok,2354880,931147776,upd=0
2026-10-02T22:16:12,replay,on_conflict,49,49060,0.928,ok,2403940,926691328,upd=0
2026-10-02T22:16:14,replay,on_conflict,50,49060,1.132,ok,2453000,951070720,upd=0
2026-10-02T22:16:15,replay,on_conflict,51,49060,1.103,ok,2502060,974663680,upd=0
2026-10-02T22:16:16,replay,on_conflict,52,49060,0.978,ok,2551120,970207232,upd=0
2026-10-02T22:16:17,replay,on_conflict,53,49060,1.074,ok,2600180,993013760,upd=0
2026-10-02T22:16:18,replay,on_conflict,54,49060,0.929,ok,2649240,991178752,upd=0
2026-10-02T22:16:19,replay,on_conflict,55,49060,1.073,ok,2698300,1016868864,upd=0
2026-10-02T22:16:20,replay,on_conflict,56,49060,1.167,ok,2747360,1041510400,upd=0
2026-10-02T22:16:21,replay,on_conflict,57,49060,0.996,ok,2796420,1038364672,upd=0
2026-10-02T22:16:23,replay,on_conflict,58,49060,1.114,ok,2845480,1065103360,upd=0
2026-10-02T22:16:24,replay,on_conflict,59,49060,0.988,ok,2894540,1057763328,upd=0
2026-10-02T22:16:25,replay,on_conflict,60,49060,1.087,ok,2943600,1087385600,upd=0
2026-10-02T22:16:26,replay,on_conflict,61,49060,1.124,ok,2992660,1108357120,upd=0
2026-10-02T22:16:27,replay,on_conflict,62,49060,1.083,ok,3041720,1100492800,upd=0
2026-10-02T22:16:28,replay,on_conflict,63,49060,1.166,ok,3090780,1131687936,upd=0
2026-10-02T22:16:29,replay,on_conflict,64,49060,0.983,ok,3139840,1131687936,upd=0
2026-10-02T22:16:31,replay,on_conflict,65,49060,1.148,ok,3188900,1151086592,upd=0
2026-10-02T22:19:04,replay,on_conflict,1,49060,0.546,ok,49060,13905920,upd=0
2026-10-02T22:19:05,replay,on_conflict,2,49060,0.843,ok,98120,43790336,upd=0
2026-10-02T22:19:06,replay,on_conflict,3,49060,0.905,ok,147180,70004736,upd=0
2026-10-02T22:19:06,replay,on_conflict,4,49060,0.759,ok,196240,70004736,upd=0
2026-10-02T22:19:07,replay,on_conflict,5,49060,0.906,ok,245300,93859840,upd=0
2026-10-02T22:19:08,replay,on_conflict,6,49060,0.916,ok,294360,116404224,upd=0
2026-10-02T22:19:09,replay,on_conflict,7,49060,0.85,ok,343420,116404224,upd=0
2026-10-02T22:19:10,replay,on_conflict,8,49060,1.003,ok,392480,140521472,upd=0
2026-10-02T22:19:11,replay,on_conflict,9,49060,0.782,ok,441540,136589312,upd=0
2026-10-02T22:19:12,replay,on_conflict,10,49060,0.872,ok,490600,164376576,upd=0
2026-10-02T22:19:13,replay,on_conflict,11,49060,0.962,ok,539660,187183104,upd=0
2026-10-02T22:19:14,replay,on_conflict,12,49060,0.839,ok,588720,188493824,upd=0
2026-10-02T22:19:15,replay,on_conflict,13,49060,0.913,ok,637780,213397504,upd=0
2026-10-02T22:19:16,replay,on_conflict,14,49060,0.708,ok,686840,213397504,upd=0
2026-10-02T22:19:17,replay,on_conflict,15,49060,0.93,ok,735900,235679744,upd=0
2026-10-02T22:19:18,replay,on_conflict,16,49060,1.098,ok,784960,259796992,upd=0
2026-10-02T22:19:19,replay,on_conflict,17,49060,0.919,ok,834020,255340544,upd=0
2026-10-02T22:19:20,replay,on_conflict,18,49060,0.963,ok,883080,281292800,upd=0
2026-10-02T22:19:21,replay,on_conflict,19,49060,0.807,ok,932140,279457792,upd=0
2026-10-02T22:19:22,replay,on_conflict,20,49060,0.987,ok,981200,307245056,upd=0
2026-10-02T22:19:23,replay,on_conflict,21,49060,0.983,ok,1030260,326643712,upd=0
2026-10-02T22:19:24,replay,on_conflict,22,49060,0.906,ok,1079320,329265152,upd=0
2026-10-02T22:19:25,replay,on_conflict,23,49060,0.966,ok,1128380,356528128,upd=0
2026-10-02T22:19:26,replay,on_conflict,24,49060,0.861,ok,1177440,352071680,upd=0
2026-10-02T22:19:27,replay,on_conflict,25,49060,0.913,ok,1226500,375664640,upd=0
2026-10-02T22:19:28,replay,on_conflict,26,49060,0.986,ok,1275560,400044032,upd=0
2026-10-02T22:19:29,replay,on_conflict,27,49060,0.964,ok,1324620,401616896,upd=0
2026-10-02T22:19:30,replay,on_conflict,28,49060,1.009,ok,1373680,427044864,upd=0
2026-10-02T22:19:31,replay,on_conflict,29,49060,0.841,ok,1422740,427044864,upd=0
2026-10-02T22:19:32,replay,on_conflict,30,49060,1.02,ok,1471800,450375680,upd=0
2026-10-02T22:19:33,replay,on_conflict,31,49060,1.028,ok,1520860,472133632,upd=0
2026-10-02T22:19:34,replay,on_conflict,32,49060,0.954,ok,1569920,472133632,upd=0
2026-10-02T22:19:35,replay,on_conflict,33,49060,1.102,ok,1618980,497299456,upd=0
2026-10-02T22:19:36,replay,on_conflict,34,49060,0.909,ok,1668040,492843008,upd=0
2026-10-02T22:19:37,replay,on_conflict,35,49060,1.115,ok,1717100,520368128,upd=0
2026-10-02T22:19:38,replay,on_conflict,36,49060,1.067,ok,1766160,541863936,upd=0
2026-10-02T22:19:39,replay,on_conflict,37,49060,0.975,ok,1815220,537669632,upd=0
2026-10-02T22:19:41,replay,on_conflict,38,49060,1.173,ok,1864280,567291904,upd=0
2026-10-02T22:19:42,replay,on_conflict,39,49060,0.944,ok,1913340,567291904,upd=0
2026-10-02T22:19:43,replay,on_conflict,40,49060,1.154,ok,1962400,589836288,upd=0
2026-10-02T22:19:44,replay,on_conflict,41,49060,1.117,ok,2011460,613953536,upd=0
2026-10-02T22:19:45,replay,on_conflict,42,49060,1.075,ok,2060520,609497088,upd=0
2026-10-02T22:19:46,replay,on_conflict,43,49060,1.161,ok,2109580,635711488,upd=0
2026-10-02T22:19:47,replay,on_conflict,44,49060,1.02,ok,2158640,631255040,upd=0
2026-10-02T22:19:49,replay,on_conflict,45,49060,1.129,ok,2207700,661925888,upd=0
2026-10-02T22:19:50,replay,on_conflict,46,49060,1.187,ok,2256760,681586688,upd=0
2026-10-02T22:19:51,replay,on_conflict,47,49060,1.169,ok,2305820,679751680,upd=0
2026-10-02T22:19:52,replay,on_conflict,48,49060,1.227,ok,2354880,708325376,upd=0
2026-10-02T22:19:53,replay,on_conflict,49,49060,1.033,ok,2403940,703868928,upd=0
2026-10-02T22:19:55,replay,on_conflict,50,49060,1.196,ok,2453000,731656192,upd=0
2026-10-02T22:19:56,replay,on_conflict,51,49060,1.317,ok,2502060,755773440,upd=0
2026-10-02T22:19:57,replay,on_conflict,52,49060,1.149,ok,2551120,751054848,upd=0
2026-10-02T22:19:59,replay,on_conflict,53,49060,1.241,ok,2600180,775696384,upd=0
2026-10-02T22:20:00,replay,on_conflict,54,49060,1.069,ok,2649240,773861376,upd=0
2026-10-02T22:20:01,replay,on_conflict,55,49060,1.221,ok,2698300,801648640,upd=0
2026-10-02T22:20:02,replay,on_conflict,56,49060,1.306,ok,2747360,826028032,upd=0
2026-10-02T22:20:04,replay,on_conflict,57,49060,1.211,ok,2796420,822882304,upd=0
2026-10-02T22:20:05,replay,on_conflict,58,49060,1.366,ok,2845480,849883136,upd=0
2026-10-02T22:20:06,replay,on_conflict,59,49060,1.129,ok,2894540,843329536,upd=0
2026-10-02T22:20:08,replay,on_conflict,60,49060,1.275,ok,2943600,874000384,upd=0
2026-10-02T22:20:09,replay,on_conflict,61,49060,1.373,ok,2992660,895758336,upd=0
2026-10-02T22:20:10,replay,on_conflict,62,49060,1.274,ok,3041720,888418304,upd=0
2026-10-02T22:20:12,replay,on_conflict,63,49060,1.378,ok,3090780,918302720,upd=0
2026-10-02T22:20:13,replay,on_conflict,64,49060,1.226,ok,3139840,918302720,upd=0
2026-10-02T22:20:15,replay,on_conflict,65,49060,1.312,ok,3188900,939798528,upd=0
